release,pilot_id,sentence_id,source_sha256,sample_role,selection_stratum,source_name,up_votes,down_votes,token_count,primary_order,reviewer_order,selection_seed,algorithm_version
cv-corpus-26.0-2026-06-12,PILOT-0001,0281b664996c8803ade40c07014a362ca3ee52f7d22291b9300f9e16ee1cc77c,cf9c375c22e3fc9450fbc3d373f9962b28beeaf683ec4218e6d22e5b85b2a223,pilot_development_only,natural_random,Sentences attained from African WordNet.,0,0,9,185,15,42,pilot_v1_natural150_coverage50
cv-corpus-26.0-2026-06-12,PILOT-0002,0416d7c5f9e1899ac761322014f7a0186a354ce6b1d666453345d33a4aaee089,a89cfbfbc3103c075c0045ad4a92b0f276b37482b7f1cb2aed963e5928a72ec9,pilot_development_only,natural_random,*.gov.za,0,0,9,146,185,42,pilot_v1_natural150_coverage50
cv-corpus-26.0-2026-06-12,PILOT-0003,05280ba6ec3747ba8c70fbdcae4c5305c96f8ed213691d9bf31da6d21e30c030,27350bf1fa8f29767010199f01d0e2a75ba235491ddbd50f0834de96ba62244f,pilot_development_only,natural_random,*.gov.za,0,0,12,162,52,42,pilot_v1_natural150_coverage50
cv-corpus-26.0-2026-06-12,PILOT-0004,08b897bfb0105b85d2d72650f0bdf541465f93f971ff35087beb2eaecb9d34a8,7ada9f166238cf8463618dc012e119033f246a623d1a65887e60192827e06d4d,pilot_development_only,coverage_downvoted,*.gov.za,1,1,7,42,78,42,pilot_v1_natural150_coverage50
cv-corpus-26.0-2026-06-12,PILOT-0005,098e401537b636b73117b69bd1c6e570499f5d0c3a5e0c6c8c688182b75333eb,37c0f52896b7b07aa0f3f10f8d5d1b444ea874088d10cd334c45bd00e6945236,pilot_development_only,natural_random,*.gov.za,0,0,11,143,14,42,pilot_v1_natural150_coverage50
cv-corpus-26.0-2026-06-12,PILOT-0006,0cef4d63c75772c7bb05057458eac8155f1c7af7f3bdc584e9a96a19bcaa25e3,7909a9e12b764cedfc1370bffb44d82be37e0632d32a00263c30a40090ebe3e5,pilot_development_only,natural_random,Sentences attained from African WordNet.,0,0,7,57,112,42,pilot_v1_natural150_coverage50
cv-corpus-26.0-2026-06-12,PILOT-0007,0d427528197ae2be55130d3f62839a98efe69423222d259a35e18caadfc206a7,f34b1c4fe8d322983c75de7a3163aa3b55a747c9c2a46e4919481afad9dcc6f7,pilot_development_only,coverage_non_gov_source,The Write It project at the North-West University,0,0,12,132,69,42,pilot_v1_natural150_coverage50
cv-corpus-26.0-2026-06-12,PILOT-0008,0dd4b83f8666bc8edac48ae8017a9846d36a615ac68c94c17a768fed160fe7c9,f59c7cf5db83c6afff5ba723938273487ad7d3d17a9a8c6e72d64d73e6eb940d,pilot_development_only,coverage_short,Peace Corps Puo Ea Sechaba,0,0,2,159,127,42,pilot_v1_natural150_coverage50
cv-corpus-26.0-2026-06-12,PILOT-0009,105b502d6a9046768dc173b867fe8fc53f2bf9e257191fc54d4c57cf525818f2,f5b9153e57c8dec3e08f3adb0788ea3e41158fe45fe4c76be08d5fe0cac35789,pilot_development_only,natural_random,Peace Corps Puo Ea Sechaba,0,0,7,23,99,42,pilot_v1_natural150_coverage50
cv-corpus-26.0-2026-06-12,PILOT-0010,125f008f793be9993e4c79a301ae2a8a2332f6094af87c6bc0c212bf5ddc0e1a,fc144d9e2d3d142479a728607caf06e09de0b2ef1b635d6ad4a069f0e00eed5c,pilot_development_only,natural_random,*.gov.za,0,0,9,19,67,42,pilot_v1_natural150_coverage50
cv-corpus-26.0-2026-06-12,PILOT-0011,13bfc0a0bca724427f3512dcf835540a9638602d9ec11dfdc246379a888b1a4d,0cf66779540300b8b04933a47c0bba3d0f19dec48e5273d8c41640a6adc35ae4,pilot_development_only,natural_random,*.gov.za,1,0,8,49,58,42,pilot_v1_natural150_coverage50
cv-corpus-26.0-2026-06-12,PILOT-0012,14ba5a876c68548022fc56ccda7c3adc1e58e8d06b8beb21af7ef6ddb87e068b,0482d2ab010a8c2479f661da74fd2c4743ec301b093f020b380726a8e7122cc3,pilot_development_only,natural_random,*.gov.za,0,0,11,168,17,42,pilot_v1_natural150_coverage50
cv-corpus-26.0-2026-06-12,PILOT-0013,1932e9924ab09e3c99f9be1e9e091bb26ae654812dcdbe44d5295958a68c54d2,fb6827426fd9e2e6e342d23b3ae5558460452fd74621f89deab7c8e8372e191c,pilot_development_only,coverage_non_gov_source,Peace Corps Puo Ea Sechaba,0,0,4,180,150,42,pilot_v1_natural150_coverage50
cv-corpus-26.0-2026-06-12,PILOT-0014,1a1a468c6d2b224ee996b558e870c0164edf5345a6a1b431526a3072846de4d7,1c5a21f91442737f8abcd4d4ec6e9aca1e10f6c32f84a211335fb981f3589004,pilot_development_only,coverage_downvoted,*.gov.za,0,1,8,135,154,42,pilot_v1_natural150_coverage50
cv-corpus-26.0-2026-06-12,PILOT-0015,1b00192308297773e25b704b136a124e4ee3e57c4f963b306c4063dbb3c82180,adc9618cb91bd311b536728d0b6db39e5bde12b3cf160d65a60bfacae446a91a,pilot_development_only,coverage_short,Sentences attained from African WordNet.,0,0,2,181,144,42,pilot_v1_natural150_coverage50
cv-corpus-26.0-2026-06-12,PILOT-0016,1c16d1d345a882a9e5f11cd2a5b64dec508dcb998312fdad53f12e6580113762,91a57fe4f24eaf6925b796816771a64df13fadb1c80fa714a66c7a146aee454c,pilot_development_only,natural_random,Sentences attained from African WordNet.,0,0,10,106,166,42,pilot_v1_natural150_coverage50
cv-corpus-26.0-2026-06-12,PILOT-0017,1cac1c528aad817f56e755acbe1b8062285c78d1c4d67433a22c31faaf444e00,e75f8a20082045194ca9f70e68a0991cfc161630b1b770de594e71a148398303,pilot_development_only,natural_random,*.gov.za,0,0,13,109,163,42,pilot_v1_natural150_coverage50
cv-corpus-26.0-2026-06-12,PILOT-0018,1cb417fd6cab384b0840d9e278d2e591dab9831f7defc9873333089c5bdf9789,a3ca3640a6acd9ee54da2365f7b93352e09ea66585fb1f8122aa873081abb194,pilot_development_only,natural_random,*.gov.za,1,0,10,141,121,42,pilot_v1_natural150_coverage50
cv-corpus-26.0-2026-06-12,PILOT-0019,1cefd6dbc4f7cd16fd19ac87e67c7259eb0e05aaef7643614dba15b91aaf97e5,2fe20bcd36bc0436a10750c0ed1f07fb58247204c7a567f52beeadec5a24f630,pilot_development_only,coverage_non_gov_source,Sentences attained from African WordNet.,0,0,14,91,191,42,pilot_v1_natural150_coverage50
cv-corpus-26.0-2026-06-12,PILOT-0020,1e17b109d4c54d955768a444574208d38043455ac12dbaa5d0afb68901bed96c,6c5abd27e8acd463e8ab6b01d093e4fe97fada50547adc90d619b54ff2a17fa2,pilot_development_only,natural_random,*.gov.za,0,0,14,190,2,42,pilot_v1_natural150_coverage50
cv-corpus-26.0-2026-06-12,PILOT-0021,1f00353a82d8f14ccd4a0ffc3305f73255a80a2b9edd5d2a3530b3042dba3fd2,09da4f00a06973693b785337df604324a4e73183b4373f032f5d3eec9056e35c,pilot_development_only,natural_random,Peace Corps Puo Ea Sechaba,0,0,3,142,169,42,pilot_v1_natural150_coverage50
cv-corpus-26.0-2026-06-12,PILOT-0022,20208fa2c8ee64c0ea65e3ef8a979668379f26e426f18410237aee018f40b22e,2c34699e35ee2c7444a999062573ef5cf85ef5ff9169b7c94d07fc182f0f6679,pilot_development_only,natural_random,*.gov.za,0,0,12,117,151,42,pilot_v1_natural150_coverage50
cv-corpus-26.0-2026-06-12,PILOT-0023,2145f06513b70359ec5a661b2cf0ce1d56f95b06bb99bfefc3e665a3ca4b71bc,f5e6bc97243c40afc3724b1bfd73b2d9c379380cbcf067f0dffe61bbcea67f1e,pilot_development_only,coverage_non_gov_source,Sentences attained from African WordNet.,0,0,6,75,76,42,pilot_v1_natural150_coverage50
cv-corpus-26.0-2026-06-12,PILOT-0024,2226d8c591e42c10175487f2b396bd4bb50aeb2d5e94d0d976a4c38961c7aae2,0595f41e070fcf7cad8468161cb36be4eb620165d64a2e1bca755d38e0b35308,pilot_development_only,natural_random,*.gov.za,0,0,12,114,105,42,pilot_v1_natural150_coverage50
cv-corpus-26.0-2026-06-12,PILOT-0025,22f0e7a508dac6be77808d062256e35b829d86e5285a646ac4cb313479eefda6,3375ae4e5dfdf11cd7e10912af9e71036f42206b23560693c6a13f6005c86cc8,pilot_development_only,coverage_non_gov_source,Sentences attained from African WordNet.,0,0,8,64,18,42,pilot_v1_natural150_coverage50
cv-corpus-26.0-2026-06-12,PILOT-0026,2614294fdf760b0228f1811084e5f7a2f7232aa980ef05793d139ab50dd134bd,b3b9c64c606945bc86cc586781cab882ba9f4888e5fd9399bcfc121a26b4253f,pilot_development_only,natural_random,*.gov.za,0,0,10,100,92,42,pilot_v1_natural150_coverage50
cv-corpus-26.0-2026-06-12,PILOT-0027,268f11f36db1c10cbeeed77272d999a713e4f14e792abccc577cdf13964b6748,303e18c51f5c5deca3ef9c0e0afd9d5e13f55074e93ca56c9678651857ab7b96,pilot_development_only,natural_random,*.gov.za,1,0,8,195,159,42,pilot_v1_natural150_coverage50
cv-corpus-26.0-2026-06-12,PILOT-0028,27d7c8fa414a4017306c766958105bb0ff905cd548b23240f97959ec2485a311,66705fddc1028481417a9beee702ea97b2fbd2d6f281551c3123d99e16c849be,pilot_development_only,coverage_downvoted,*.gov.za,0,1,11,127,90,42,pilot_v1_natural150_coverage50
cv-corpus-26.0-2026-06-12,PILOT-0029,286e24687f7ef138f625f1d7d9d7788dc2ed21df3f5fc96b72530c4b4e65aed3,db677957051cb52531d374956844411e6b4c56df3290265ca3057aed92a52f2e,pilot_development_only,coverage_non_gov_source,Sentences attained from African WordNet.,0,0,11,84,141,42,pilot_v1_natural150_coverage50
cv-corpus-26.0-2026-06-12,PILOT-0030,2a007842e103b3bb339362ac15ee4f56bb4b05b122f6511a1c5493e4eec6dc53,b0e2705d82de9d1d6ce29cc1ef442dbc2ec51b898895fe799b36d09b028c5da8,pilot_development_only,coverage_short,Peace Corps Puo Ea Sechaba,0,0,2,39,165,42,pilot_v1_natural150_coverage50
cv-corpus-26.0-2026-06-12,PILOT-0031,2a56d98233e8ad0c0b6b4ddb15092621f841b0079c4e4fc3a9b6b29d6ead47c0,e25156f512aaeb9e59cb08e280112bc231daccb825d0e84e25a41af75301e7aa,pilot_development_only,coverage_short,Peace Corps Puo Ea Sechaba,0,0,2,66,122,42,pilot_v1_natural150_coverage50
cv-corpus-26.0-2026-06-12,PILOT-0032,2c1474e3a93221af52aaba9ee965130afb058bb1562c09c60e5b62fd24754da5,06f87e3433a13d863b92aa96ff193e2b57c0a9d0071058cdebc3ac989ffefa0e,pilot_development_only,natural_random,*.gov.za,0,0,14,105,125,42,pilot_v1_natural150_coverage50
cv-corpus-26.0-2026-06-12,PILOT-0033,2dc8fa75b6f8b92a35f1103fb2cdcd4b6860a4c2e9f5ab542c4e4968951665d9,8639a83218fcf4dad3040c11ad05a0a28717e8329ffeec10f046de52558f8920,pilot_development_only,natural_random,Sentences attained from African WordNet.,0,0,10,125,145,42,pilot_v1_natural150_coverage50
cv-corpus-26.0-2026-06-12,PILOT-0034,2e8fa9680b74bf49627678fea92159a98f6962cf2339db15814112b5981dc28b,2d39af965ee02a08598e05f3ebf135b5310186f3a7af2d88bee3fb9f4167d67a,pilot_development_only,natural_random,*.gov.za,0,0,12,69,117,42,pilot_v1_natural150_coverage50
cv-corpus-26.0-2026-06-12,PILOT-0035,302a4a25a6994bf6d0210e7c804da2d34d65c903c977e6f69d320e857c5c245d,e6cff413291224ef399e29f79f6665fdd27c690ff26675f642b4db23ef0624a3,pilot_development_only,natural_random,*.gov.za,1,0,10,9,42,42,pilot_v1_natural150_coverage50
cv-corpus-26.0-2026-06-12,PILOT-0036,3163a9324119f79cd1277a905e6eb79371fb014ace6c739ecd934a19279d3fb4,dee5e142fbd103527ed91ac0497d3b904faff8691351c8203701ebe23fbfd9bb,pilot_development_only,natural_random,*.gov.za,0,0,9,51,116,42,pilot_v1_natural150_coverage50
cv-corpus-26.0-2026-06-12,PILOT-0037,345680cef08e3521845373762f6cf26579ada5485be1d4dd4c61063ff7fb3639,09ebdadcb4e910a882a44688349e879588bdf3867d632c44899caf0aa93fe132,pilot_development_only,natural_random,*.gov.za,0,0,13,8,60,42,pilot_v1_natural150_coverage50
cv-corpus-26.0-2026-06-12,PILOT-0038,38e3c4687c8ae6b8f669b886c7e08f295d85507a2aae51b44a5ea782c6480c5d,a08999aa0f2d8471c064ca5e98c0995a9393e49fb70c0c80a0dc94714144e4c3,pilot_development_only,natural_random,*.gov.za,0,0,13,179,197,42,pilot_v1_natural150_coverage50
cv-corpus-26.0-2026-06-12,PILOT-0039,39e5c451670087bc49f865a5ee50d130bad6b6f7865febc281b1e6cea1165c2d,ae34f0b69433f53f5f29f6463663a596987e089c7cd313d8cfffdc8bedcd28cd,pilot_development_only,coverage_downvoted,*.gov.za,1,1,6,107,81,42,pilot_v1_natural150_coverage50
cv-corpus-26.0-2026-06-12,PILOT-0040,3ad0123b3a71f638ac4738ec7918f9a2b86a553b45080fc6a8bca86bf439091d,ebd2d0d834e9a49ce9549a88f8a4a580e8e927b5f92ac5947d36489e6f334341,pilot_development_only,natural_random,*.gov.za,0,0,11,25,33,42,pilot_v1_natural150_coverage50
cv-corpus-26.0-2026-06-12,PILOT-0041,3afd97378da90c885f18fd5d5b6e9c5423f660ab027f3ee9350bcb1aaef35ad1,0ec70fedb424b040f1ae844d38d3eabcf2bb37aa0edaadeaff06cad709fd8381,pilot_development_only,natural_random,*.gov.za,0,0,8,196,3,42,pilot_v1_natural150_coverage50
cv-corpus-26.0-2026-06-12,PILOT-0042,3eeca1f370be4761bd38aeb74005b96e340e960e47807b0ba4526489b3ac9507,5a6b3f2819874dbb369c47a0e39acbc25dbb8d443c4dac99196f478214781fb2,pilot_development_only,natural_random,*.gov.za,0,0,9,40,147,42,pilot_v1_natural150_coverage50
cv-corpus-26.0-2026-06-12,PILOT-0043,3f05fc90fd12caece109f79be7e3236ed64c82472039b953e24dc3a3c1796c32,19434f7a4653bb2658f4157361050424878e563d3098e858b9411713d40f969c,pilot_development_only,natural_random,*.gov.za,0,1,6,199,13,42,pilot_v1_natural150_coverage50
cv-corpus-26.0-2026-06-12,PILOT-0044,3f07b9355bd791812365d3573631b793e5d953db0f6c3d9e82f853d9e8e112ca,d301fdf0002ad1f2976d4d04ac4d6783cc12b7c70de9abcce5615ef31fce0164,pilot_development_only,natural_random,*.gov.za,0,0,12,47,75,42,pilot_v1_natural150_coverage50
cv-corpus-26.0-2026-06-12,PILOT-0045,44886f7a28785f0bb84df4fe720040435438ee404a3af35459fcb7708e36b4c4,0f0c408904e5fc4c33ddcddc2e24407d9ed0636b3c5c6d383ce4f1d20d55e7a9,pilot_development_only,natural_random,Peace Corps Puo Ea Sechaba,0,0,6,96,20,42,pilot_v1_natural150_coverage50
cv-corpus-26.0-2026-06-12,PILOT-0046,44b5aa8b78d0a2ddcba50a2fec99ab09c36b24d477fc2990b02803951d152666,7fcc7754614be0f11ba6d1a08fcad283a73d08f24f3d90c76eab55ddf26f76fd,pilot_development_only,natural_random,*.gov.za,1,0,8,55,41,42,pilot_v1_natural150_coverage50
cv-corpus-26.0-2026-06-12,PILOT-0047,44b5f816ba7aa49dd11d11073dd542ebea4c42564810be1cb90922326470dfc9,348af2cf0f4aa6a45d9632fd089f1fdc490bd2498218dc7671931e2565345bfb,pilot_development_only,natural_random,Sentences attained from African WordNet.,0,0,8,166,162,42,pilot_v1_natural150_coverage50
cv-corpus-26.0-2026-06-12,PILOT-0048,465e9317bcfd220039c697cd9438b1eac42ac1c3acb964475ff8e08edd4ff422,dd13c728710d14e6601773857b0036c271b3a1e8d57fe621eb5655e8449a8f5e,pilot_development_only,natural_random,*.gov.za,0,0,12,80,119,42,pilot_v1_natural150_coverage50
cv-corpus-26.0-2026-06-12,PILOT-0049,46ed9877fc90a4cfb2b1b333690b416e2c34aa645c4af89fefeb89ecaba6c5b4,c78f23865c2cdb5cb12797c310fc48287f03711149d76ee083db337eab4b042f,pilot_development_only,natural_random,*.gov.za,0,0,11,108,133,42,pilot_v1_natural150_coverage50
cv-corpus-26.0-2026-06-12,PILOT-0050,487f2cfa0cf241df1776473725f33988b3949f12c9bb47d8dcb7bd90a09d4c61,8d1f47842d1d4f6db1efb49063c14a0a6d281f8d3e4eee75c274cc3b2df62ef8,pilot_development_only,natural_random,*.gov.za,0,0,13,120,123,42,pilot_v1_natural150_coverage50
cv-corpus-26.0-2026-06-12,PILOT-0051,50d1407cc9b3d604011e68a128f35d834ea6a23abec896350f2d12279abf1a73,8ba0b41a31ae8df95bb9ef9b3f7ea63e975f384d6f69904a0b92439c213d898e,pilot_development_only,coverage_short,Peace Corps Puo Ea Sechaba,0,0,2,130,64,42,pilot_v1_natural150_coverage50
cv-corpus-26.0-2026-06-12,PILOT-0052,514b0dc8197d78247855a6c77393de02c346a56b08ff7ac6a197cdff41229085,5a99dcbc47b8ea2ed359d7e509c3e89594b0f7907fbe5d7febfa7bf9e47d2318,pilot_development_only,coverage_non_gov_source,Peace Corps Puo Ea Sechaba,0,0,3,12,200,42,pilot_v1_natural150_coverage50
cv-corpus-26.0-2026-06-12,PILOT-0053,529301dca1b0920cf0406bc1b8368c7f1b45778c8861ef661418b21cc24cfd40,6bffc2d5bbda19f9db2dacba17b6a4dc8419c354916009bd8ddb6ceb7d50379d,pilot_development_only,natural_random,Peace Corps Puo Ea Sechaba,0,0,4,151,73,42,pilot_v1_natural150_coverage50
cv-corpus-26.0-2026-06-12,PILOT-0054,52dbdaadfb304ad8303a6fc3bb44feff08d88b2b93d53d38a2e0eda70698f357,36579f0eec550f7a89fd8565ae10bbee5d02ec744e9dadca091829c0fe062c48,pilot_development_only,natural_random,Peace Corps Puo Ea Sechaba,0,0,4,60,179,42,pilot_v1_natural150_coverage50
cv-corpus-26.0-2026-06-12,PILOT-0055,54a2ecf3fe30d9cfdff04dbbda2a0a61e61a702d685f89544f4fd6923b528f57,701061596e699d7d18e8d96fe90592d2898e130b0b5bbbe5b2b6f81c006ca2fb,pilot_development_only,natural_random,Peace Corps Puo Ea Sechaba,0,0,4,170,104,42,pilot_v1_natural150_coverage50
cv-corpus-26.0-2026-06-12,PILOT-0056,54d74b0ee475cfacaa2421788606b9890d0a3839478cae960ef1870613de513d,95c851b48324e15de514ca65d7d6112f8a036394b484349b524ce1f970bf486b,pilot_development_only,natural_random,*.gov.za,1,0,7,36,9,42,pilot_v1_natural150_coverage50
cv-corpus-26.0-2026-06-12,PILOT-0057,5746e9a221314d7aed8accb761b70dc0b8cf19da421c87c6ff7efa3d16ecb9f2,4f46d52c3fc95b5b74d6dd98ccf72b6b27b9d3954ba5b13b1127731a62b82300,pilot_development_only,coverage_non_gov_source,Peace Corps Puo Ea Sechaba,0,0,2,124,114,42,pilot_v1_natural150_coverage50
cv-corpus-26.0-2026-06-12,PILOT-0058,5759418e010cb8e8416d4b12c795d754ebc4568e0cdf653029eb41f53536077f,63daa5c3df1de820fb5b850f3291514d47a222d44c82f3a6e10d998f3a04248c,pilot_development_only,coverage_short,Peace Corps Puo Ea Sechaba,0,0,2,175,57,42,pilot_v1_natural150_coverage50
cv-corpus-26.0-2026-06-12,PILOT-0059,592cf22d721655b6991e525ce93cb208a7c9e32e68bd18d93fa4611a7c14fe97,fed277de5fe46e95302e2e1069bd730e880dc990137af55b22593da939c23ec2,pilot_development_only,natural_random,*.gov.za,1,0,12,160,184,42,pilot_v1_natural150_coverage50
cv-corpus-26.0-2026-06-12,PILOT-0060,59eed2547361b85044996f084fda7e0e67818b495b0e5367534515a5a20fb1e9,2997d9acb31265ee272d6980c3930b8bfb98f7181e29bab4e832ca5de4726e4b,pilot_development_only,natural_random,Peace Corps Puo Ea Sechaba,0,0,1,148,152,42,pilot_v1_natural150_coverage50
cv-corpus-26.0-2026-06-12,PILOT-0061,5a57f7fa5837b4c18c719b11d54d13a8fb25c7bc9c0c6d3e3fa7b72c58bf64b6,e5343fe900430f981dc49a84ec586238202967f58b36d81e77bdab6b6f67e40b,pilot_development_only,natural_random,*.gov.za,0,0,12,121,95,42,pilot_v1_natural150_coverage50
cv-corpus-26.0-2026-06-12,PILOT-0062,5bbcf2a381b3b7e9fb8a30986035d4cd43ea88f6b88ab2b697cd6c6a20b061e7,6cb85ff712b99469925c85b00430cbcb600a1e8e8365d47068732b22417c0da0,pilot_development_only,natural_random,*.gov.za,0,0,12,197,48,42,pilot_v1_natural150_coverage50
cv-corpus-26.0-2026-06-12,PILOT-0063,5cdb6cce53e5e51b594896dcf7bdc8689391ef66a947aea589d50eabc920bac8,25467e6e85b63941d678af34eca916b6dc3b010359519a5e1bc9f932722f1236,pilot_development_only,natural_random,*.gov.za,0,0,9,103,158,42,pilot_v1_natural150_coverage50
cv-corpus-26.0-2026-06-12,PILOT-0064,5e0a648811324a13d48fa34c55d95c30cecefe8422c088cfb4a258bb097edffd,d62eea01dbcc6c7f0e99d5f6cbbe5d34d4744c0d0d3c578a5b4309536d78d833,pilot_development_only,natural_random,*.gov.za,0,0,11,58,30,42,pilot_v1_natural150_coverage50
cv-corpus-26.0-2026-06-12,PILOT-0065,5ee44a5bfd050736828daed82d5d58c4bff426d8d66c9266927e648d7c3ef6f4,a23c50bf295dce6b5a3c11e5b2c974d4b986f25d10e00e479492733b4c20499a,pilot_development_only,coverage_non_gov_source,Peace Corps Puo Ea Sechaba,0,0,3,165,65,42,pilot_v1_natural150_coverage50
cv-corpus-26.0-2026-06-12,PILOT-0066,5fa828daa22995c4f277569e6e8ae514663a75a8314d9bbc3c0959a2d60a5203,8f48757e1c0ef34ebeb6491e7a6622b0a34755dc05d827a6c82fc6454278b634,pilot_development_only,natural_random,*.gov.za,1,0,10,18,89,42,pilot_v1_natural150_coverage50
cv-corpus-26.0-2026-06-12,PILOT-0067,5fda4362788737ed39dca84e7d9cafee21157be2a843d43fd2123cc8178b25a6,c11b45865915bc41ab0db5d69ad3d51d4fdbd1c8aac7a78bdb7e3f9b668adcdd,pilot_development_only,natural_random,*.gov.za,0,0,14,20,103,42,pilot_v1_natural150_coverage50
cv-corpus-26.0-2026-06-12,PILOT-0068,604f9dd06b033fd41981666fb406bb3efad4921766ac1ca2535e13bd97c6dfe8,03f0c802cee80cb739ef2383980203562334a8e31580119f9f1f697e567c1d13,pilot_development_only,natural_random,*.gov.za,1,0,9,71,68,42,pilot_v1_natural150_coverage50
cv-corpus-26.0-2026-06-12,PILOT-0069,605b13275749f0d7ad5f4b47c73e536419d11460031ad8f297d43a5ed2faba13,3112f7af60583571ed133e807fa94ebf43a93db66d939b8abf1df68056578a17,pilot_development_only,coverage_short,The Write It project at the North-West University,0,0,1,15,111,42,pilot_v1_natural150_coverage50
cv-corpus-26.0-2026-06-12,PILOT-0070,609aa9f6a50cd8431d4e8fcee10bee958b064662e693bfa2f56266353249ddf4,027db6feebf16f51d60cd36f76d33f4b93d7eb2c9add1932367d3bcb05773bcd,pilot_development_only,natural_random,*.gov.za,0,0,14,152,193,42,pilot_v1_natural150_coverage50
cv-corpus-26.0-2026-06-12,PILOT-0071,6222ec1af83b926c724f2fcc6dc6c1961df8963e99f864cc8ac9b091cc95a11b,7d5aa1a0ed369f280c34bec61de75e8270a05b3b10f5457c7647387b3378144c,pilot_development_only,natural_random,*.gov.za,1,0,7,89,62,42,pilot_v1_natural150_coverage50
cv-corpus-26.0-2026-06-12,PILOT-0072,630d9095dab156e097255745bbf7c14c2cff0eb34f0621edb0cdd2083fde1738,eb31bdbe8ccf47757eb10ff71ede4bb232dfb686ee82b8a03aa231a4082a4e2a,pilot_development_only,natural_random,*.gov.za,0,0,8,150,12,42,pilot_v1_natural150_coverage50
cv-corpus-26.0-2026-06-12,PILOT-0073,6554c3be70624c1d03ceb7e8f2896661d592c625063fccc4d358c3a640bdcfae,418652d278a38ba56bc2c32ad8b1e149c72ab287d0870ed3414a0a2ce58a7cac,pilot_development_only,natural_random,*.gov.za,0,0,11,187,137,42,pilot_v1_natural150_coverage50
cv-corpus-26.0-2026-06-12,PILOT-0074,665a3d1597e7beedaddd8695f036cb68a34c070b9e512eaeab0a57ed769bbc07,a23eae35398e952d4d8e2f64e2eed4ca541a2ce3a59cd99ffa5963d5cd43ad70,pilot_development_only,natural_random,*.gov.za,0,0,10,94,49,42,pilot_v1_natural150_coverage50
cv-corpus-26.0-2026-06-12,PILOT-0075,666ab0da0786d5fda03dc56dd6e29c0b17d27ba7715ab2efceecbfad067ec250,23ecae3437e2a35586dd60e060fb83129e3085126eef9097f28141b18b8a58e2,pilot_development_only,natural_random,*.gov.za,0,0,8,122,168,42,pilot_v1_natural150_coverage50
cv-corpus-26.0-2026-06-12,PILOT-0076,670674c9d3b962e0058d54f8708edd87b5b42688589c692401275afe95eda4ec,414ef8af2944489a05448f4ea0574e5b7e3275cd0a6506e51d2c2a8b1de4b4b9,pilot_development_only,natural_random,*.gov.za,1,0,7,78,136,42,pilot_v1_natural150_coverage50
cv-corpus-26.0-2026-06-12,PILOT-0077,6aec55e437c1544d22daf71f297b06f256194779bdc3387b42fd3f97de2fe852,1f8fb3791b8b4d5419401363b989639ccc6aa9cac01f0d3156a36511ea5c35cd,pilot_development_only,natural_random,*.gov.za,0,0,10,61,19,42,pilot_v1_natural150_coverage50
cv-corpus-26.0-2026-06-12,PILOT-0078,6c447aeaeacf73890ab4701943cfa3de52f21f5105b14158a873e92cf3485c05,65494b45349fee4ba77e4ca2b6a5a8d59a295333784207fdcc1e8aefe8bf6387,pilot_development_only,natural_random,*.gov.za,0,0,10,7,86,42,pilot_v1_natural150_coverage50
cv-corpus-26.0-2026-06-12,PILOT-0079,6c85dc68a0284706a2a22d0ba0ed3ccc025752d690b8c50489a4f1f45b417ee1,0556455e3d126f10b873c1daeea2bd7e1b526377143bf7fcea63169b687ea706,pilot_development_only,natural_random,*.gov.za,0,0,9,172,35,42,pilot_v1_natural150_coverage50
cv-corpus-26.0-2026-06-12,PILOT-0080,6ce42c8dbd49ed7b4bd0fdf3881d9785f2be5a8b68e01e7ef61d1f2161d99e03,bb334e82950781afe9fd7d54ae000c6c9b93d4c79d4a29796d2480a64ffe09d4,pilot_development_only,natural_random,Peace Corps Puo Ea Sechaba,0,0,2,83,8,42,pilot_v1_natural150_coverage50
cv-corpus-26.0-2026-06-12,PILOT-0081,6ce42db21e6fa0801d6c3379c7342e19aab7d555395ecdce8946298631839451,1eeea86a0f995c70c1fd357ea0b4b62816418f7552e097d1ac077a45edc20589,pilot_development_only,coverage_downvoted,*.gov.za,1,1,6,28,10,42,pilot_v1_natural150_coverage50
cv-corpus-26.0-2026-06-12,PILOT-0082,70e78763afa4c62624199f20213634f4b968653f10ae5227871c01ea18ba948f,59f526647297e71ea061d4eca53e5f3c640229f980143806d711078759989fa8,pilot_development_only,coverage_downvoted,*.gov.za,0,1,8,153,131,42,pilot_v1_natural150_coverage50
cv-corpus-26.0-2026-06-12,PILOT-0083,722d1ae5f6c7518d86d379471e2f8919a8e8d75f43036d20d48f2954bae62051,d91ffb9b0c8b22abf4e0f3d62fb2b16bf540f1bfdec0d8ce547b8bdff29e7dab,pilot_development_only,coverage_downvoted,*.gov.za,0,1,6,65,172,42,pilot_v1_natural150_coverage50
cv-corpus-26.0-2026-06-12,PILOT-0084,728ea205989b0dd5086fa57c830bbb8fd0ed9216e0a6af2f630fde34724503da,ef023d47b05dd4ab9ed8131f6b1af110f6e146296becd9574f289bfc98dcafa0,pilot_development_only,coverage_non_gov_source,Sentences attained from African WordNet.,0,0,8,59,43,42,pilot_v1_natural150_coverage50
cv-corpus-26.0-2026-06-12,PILOT-0085,7475e2c55302f3b72fa5eccbafffaf1e280c62e129ff4f40238451ac79a92c1d,5445d0503f1fa09801707afc7b15e49c95701174a0cd34a4c9bb98a98acd2c6e,pilot_development_only,coverage_non_gov_source,Peace Corps Puo Ea Sechaba,0,0,3,110,173,42,pilot_v1_natural150_coverage50
cv-corpus-26.0-2026-06-12,PILOT-0086,75ec0d552a4271be60755f6a1472658b939417853d9901bffee02455faa9be69,a0c4b79f3d0c4c97634b105a3cdac978ed58a34ed8e269e20c64d1a9ea855cc6,pilot_development_only,natural_random,*.gov.za,0,0,11,85,6,42,pilot_v1_natural150_coverage50
cv-corpus-26.0-2026-06-12,PILOT-0087,7601a7921847e7df9a13937331577571ebfc5cb1dc76fe85799cabc5ff158fe1,a293dbc01e6ee8c74d9fa3f7b87b9dbce925a24d3355a43c3cbe0c44b8794078,pilot_development_only,coverage_non_gov_source,Sentences attained from African WordNet.,0,0,12,177,153,42,pilot_v1_natural150_coverage50
cv-corpus-26.0-2026-06-12,PILOT-0088,7603e82df68173b4f62e9439b11b9dd21e30d502d889cc53722059316f8523b0,24d9de563dffe48e1e6ddc9cdb65f47eaab93ca5e0ffb0cf5cf94a44ee3469d4,pilot_development_only,natural_random,*.gov.za,0,0,14,24,56,42,pilot_v1_natural150_coverage50
cv-corpus-26.0-2026-06-12,PILOT-0089,778c3095a04d59a2c475fbeaf7bda7b6f7d35f50d5fd1828c0471f8e6de09bb0,32c67a53b66a6c8d2e6aed07adf1f585b4018365dace724b9b42f08a3eb735ab,pilot_development_only,coverage_non_gov_source,The Write It project at the North-West University,0,0,10,90,181,42,pilot_v1_natural150_coverage50
cv-corpus-26.0-2026-06-12,PILOT-0090,779ae83d96e4a311cf013b31f96b51e2064d56f1693d491966a9609ecb08beca,57cc6eede96db093f3756e7f79eea8e294ac392d6cceb08afc77cf4c3a968ee3,pilot_development_only,coverage_short,Peace Corps Puo Ea Sechaba,0,0,2,29,71,42,pilot_v1_natural150_coverage50
cv-corpus-26.0-2026-06-12,PILOT-0091,794c6ffe785a97a99623b4d7b325632ef3329bc0e01c550c35a2828b223a10ce,2a665cfa2d64db08ccf7f256dee0818db01777509b7730673ed61920ef553fdd,pilot_development_only,coverage_downvoted,*.gov.za,0,1,8,14,23,42,pilot_v1_natural150_coverage50
cv-corpus-26.0-2026-06-12,PILOT-0092,79c8abfe2d6082220bc57812ac5f9f2e26b5a56afd957d5016b42a60a87f33f1,063b397ea912371f91fb04a9765bdca611adc685ad5702a7eced44fc03cc721a,pilot_development_only,coverage_downvoted,*.gov.za,0,1,8,11,115,42,pilot_v1_natural150_coverage50
cv-corpus-26.0-2026-06-12,PILOT-0093,79f7145e1a7f8ec53e8fc455a414d7137c7ef48a65507150427c62f67be13b22,a8ebb08cfa7103664b00a4b1295cb03f5121961d5828930756e1c306fc55347b,pilot_development_only,natural_random,*.gov.za,1,0,8,48,110,42,pilot_v1_natural150_coverage50
cv-corpus-26.0-2026-06-12,PILOT-0094,7b9e737d0d528e6316706327d795b059e870cdfb4183e6c05c1373722b40faf3,9e5b33b1bacc1545678f0ddadb2b524383c9f51e9e92bfc7d12cb38cd649a62f,pilot_development_only,natural_random,*.gov.za,0,0,12,95,139,42,pilot_v1_natural150_coverage50
cv-corpus-26.0-2026-06-12,PILOT-0095,7c0fb2c2c5e4831adc3a2e93893640becfeeaef4edc062685245d0f82571743b,dd086017a004e52fbc44091ce0fbbb050db78b1715c6ecda97c582a70c9ab83f,pilot_development_only,coverage_non_gov_source,Peace Corps Puo Ea Sechaba,0,0,8,27,70,42,pilot_v1_natural150_coverage50
cv-corpus-26.0-2026-06-12,PILOT-0096,7c249807f7b1aec93684b70859eaace0c76b52235aaacaedcc4e4748f9211aaf,fca9c89439169da8b552146a3f86d0ef2a6a9413bac53fdd2784ddef66a355e6,pilot_development_only,natural_random,*.gov.za,0,0,14,67,84,42,pilot_v1_natural150_coverage50
cv-corpus-26.0-2026-06-12,PILOT-0097,7e971c48724da69e83fa825882452ec924f48c9f27745ba24bdefedd29b5cf38,0c160e073411b6b43fe558cd288e95252809713138fa25f04d1439cc13fc3fde,pilot_development_only,natural_random,*.gov.za,1,0,7,34,39,42,pilot_v1_natural150_coverage50
cv-corpus-26.0-2026-06-12,PILOT-0098,7f84f0b5977a9ea67f263c63cd5d61643965f73450d4a762b3792dd6e529f46d,54356632ba9cf9889af62eae1e193e3b6593bb5139e1ac01c81df56a84e31b63,pilot_development_only,natural_random,*.gov.za,0,0,11,192,198,42,pilot_v1_natural150_coverage50
cv-corpus-26.0-2026-06-12,PILOT-0099,82cc7154c041db4929c009ce186634453e715bdabb518157c062f94a5124e1fb,1a327a7f308158599dee459fc96b6ffcc0a5cbd8aa7a6a68193de8cc297376c5,pilot_development_only,natural_random,*.gov.za,0,0,14,21,156,42,pilot_v1_natural150_coverage50
cv-corpus-26.0-2026-06-12,PILOT-0100,88ffcf3e52bafa7f6b6edfa2eee07c42c9df0533be0babaa18aaf4300d5578cc,1f0cfe7a63870b63739602903da4c7a0ca82f7e18a0496ef4e8e6d4af7bfe48f,pilot_development_only,natural_random,*.gov.za,0,0,12,174,36,42,pilot_v1_natural150_coverage50
cv-corpus-26.0-2026-06-12,PILOT-0101,8abdc5cc0650ef91c7deadc4efbf554196ca019f4135b58854fdce16d35e5184,bdd83955d3d2ceb76e035690ab5317de234a208b5cd704fdb92d6d3272f71706,pilot_development_only,natural_random,*.gov.za,0,0,10,138,27,42,pilot_v1_natural150_coverage50
cv-corpus-26.0-2026-06-12,PILOT-0102,8bf32c3e8e08bfef5c3aecbffb5910894c4cb855476f83f3e63834bf867e9c87,1c8b25895660ed3b578d0f2895ee9ca75cef017a76e2d59ac0d33100669fd39c,pilot_development_only,coverage_short,Peace Corps Puo Ea Sechaba,0,0,2,4,186,42,pilot_v1_natural150_coverage50
cv-corpus-26.0-2026-06-12,PILOT-0103,8ccd7a49bb653879bc2f4490c8fde94d30c239d5adb6b064c6bf8b409ea79ad1,ff97872df1c45ab6fa06d0d0bf94d6227ed7d6f3656eff6caca616cc97e6317a,pilot_development_only,natural_random,*.gov.za,1,0,7,161,16,42,pilot_v1_natural150_coverage50
cv-corpus-26.0-2026-06-12,PILOT-0104,8cd9c4e1e66d0517c658f159fe6a85207b85d833ef404b236092aedf6ef92124,046a33d873eeaa28a2ae24955f5a4fdedaaf78e9ccd5ea1ee5fbc839d08d9fc9,pilot_development_only,natural_random,*.gov.za,0,0,12,188,77,42,pilot_v1_natural150_coverage50
cv-corpus-26.0-2026-06-12,PILOT-0105,8dce890e0018a9fe45e1b7acebea9cf31b7ac74cdffb5a270a642970b79f7382,edd0b5c5753f5747a724c584420f9d9dc66819cdebee06080bbdb1d4efb5ccbe,pilot_development_only,natural_random,*.gov.za,0,0,12,16,51,42,pilot_v1_natural150_coverage50
cv-corpus-26.0-2026-06-12,PILOT-0106,8e209de651ea94fa8647a381e753a727d88e71a023af8a898a91b96cceeca8f5,e985ba87b081b24d6d7bc78421dac4cd284a59baf552fc2edae382f13a546c55,pilot_development_only,natural_random,*.gov.za,1,0,7,10,79,42,pilot_v1_natural150_coverage50
cv-corpus-26.0-2026-06-12,PILOT-0107,8ee6c617eac36932353468c1955ddcfbc2e00dcb9805d806fcb62f0eb6737f29,a6b589bfe0b678772490f45c5b48ab2309127d1fd4fb53369566abc3ccd6a747,pilot_development_only,natural_random,*.gov.za,0,1,10,62,32,42,pilot_v1_natural150_coverage50
cv-corpus-26.0-2026-06-12,PILOT-0108,9009033ea0fac21172b5065e938df8773c2ed9e4beb1a0a2304954af08db0c90,964aef238e2fb9cd48be49697eb111412a4572a0ac210c962a404d1c3d904d56,pilot_development_only,coverage_non_gov_source,Sentences attained from African WordNet.,0,0,11,79,176,42,pilot_v1_natural150_coverage50
cv-corpus-26.0-2026-06-12,PILOT-0109,902028b6126681faa4ab14e46c4375b3c4d0acadd3408610da701de37a0f5c13,7bfad581d5a0a11d82d5d348d25230e9a450e9dc9a157fc64647a209b4dd2c5f,pilot_development_only,coverage_non_gov_source,Peace Corps Puo Ea Sechaba,0,0,7,111,128,42,pilot_v1_natural150_coverage50
cv-corpus-26.0-2026-06-12,PILOT-0110,90549e5ee8bfe376f40b11581426828d3d2ac5e9c526a7950f38c036cff6a0c7,2015f533e8dc7b55ea317284988cc89c4fd39faf5b418f77464db9d7cfd1faf8,pilot_development_only,coverage_non_gov_source,Peace Corps Puo Ea Sechaba,0,0,2,44,55,42,pilot_v1_natural150_coverage50
cv-corpus-26.0-2026-06-12,PILOT-0111,928c4e1fbbe99572bf9470e041cd4cd55b52eb0147c32779920619c075113fca,460879a1c20d4ae493faa63fe129823d26ba9cb138babbd59220e980cdd69217,pilot_development_only,natural_random,*.gov.za,0,0,12,101,175,42,pilot_v1_natural150_coverage50
cv-corpus-26.0-2026-06-12,PILOT-0112,9327fca8bac9e87da02db82469fc7ccd0b4175c241189eb83d4ad53fc1ed1cd9,bbe6fd3b4ad1c19fd9e6e01733aea6524d42a4fb9ee4ccfebadd4a98dd022a7c,pilot_development_only,natural_random,Sentences attained from African WordNet.,0,0,12,156,29,42,pilot_v1_natural150_coverage50
cv-corpus-26.0-2026-06-12,PILOT-0113,93c36323ea54c50d115894adc56673a7523415d846fc46924e0b358f773a837e,74e8bb2b6523d2be86908581bd284592d768eb147b7eb7c0f95cb77d5b0eb602,pilot_development_only,natural_random,*.gov.za,0,0,11,31,54,42,pilot_v1_natural150_coverage50
cv-corpus-26.0-2026-06-12,PILOT-0114,9421e1e4001afee84a5ab780d1f8cdf8abeeb066cb960f224cdb44a135490fc1,608f24d65c7645bc7dcc099575a2484faf421d97a50c2cfd4f3575e0f012fc98,pilot_development_only,natural_random,*.gov.za,0,0,14,98,149,42,pilot_v1_natural150_coverage50
cv-corpus-26.0-2026-06-12,PILOT-0115,944cb0b8f26a37f83c60467d86b2dd57851a0c8e3270e2848345a611e6e7df6c,cf467c18f70fc1be13836e766c614db7c5c76d4b2ca17dd6478ae682cc11a30f,pilot_development_only,natural_random,*.gov.za,0,0,11,33,96,42,pilot_v1_natural150_coverage50
cv-corpus-26.0-2026-06-12,PILOT-0116,94bb3165743650d2e796ff2ac84ec41fdf5294bc9df237b4257c5656b3a206f7,31a184c4099d41725b22dc7df51dd956937012bd232ffbd138cecfe12d6717fa,pilot_development_only,natural_random,Peace Corps Puo Ea Sechaba,0,0,5,164,72,42,pilot_v1_natural150_coverage50
cv-corpus-26.0-2026-06-12,PILOT-0117,9516cbe98c83725075c20d89288c1ebcb8334f235fcad0802b9ad2ed6cf2a6ee,4f61c80cc693e3cbf07c3f9ac008fe680e2a14a5f8e00408b5b4b20edc0142df,pilot_development_only,natural_random,*.gov.za,0,0,13,198,107,42,pilot_v1_natural150_coverage50
cv-corpus-26.0-2026-06-12,PILOT-0118,96b693122d139d652e87cd522fcac2b9bc2989f8567c8d9cdc6d7841cd1cde86,4850353b3afae21cf006c01f0eab46fcbea27dbec7480770e7a078c2601847ae,pilot_development_only,natural_random,*.gov.za,0,0,14,171,108,42,pilot_v1_natural150_coverage50
cv-corpus-26.0-2026-06-12,PILOT-0119,96d7d76552d2a6fdade5ed8731ff58fd9c98d072061b8950997654179a821b2d,8256991c57ac0d11ed5e363a8fb975ce9e4311052826262231ed398b52ad5cc4,pilot_development_only,natural_random,*.gov.za,0,0,11,169,182,42,pilot_v1_natural150_coverage50
cv-corpus-26.0-2026-06-12,PILOT-0120,972770ad6845b38da02ac482ec0b0f6ae35edd6bbe21f6cafd9cbdd00477c910,106606dfa8b58b7b20904d6e1128a8d6f0cdebeeb9d3b26a0c2a9e3074791773,pilot_development_only,natural_random,Peace Corps Puo Ea Sechaba,0,0,4,5,171,42,pilot_v1_natural150_coverage50
cv-corpus-26.0-2026-06-12,PILOT-0121,98032e81feffb8829fde663eef17b695145a85dacb41ddfa55a8024b22e26a21,dd914cdea625c40eb158e737feecbc0517520ce7b67b578f50c08124781b2fb3,pilot_development_only,natural_random,*.gov.za,0,0,8,104,93,42,pilot_v1_natural150_coverage50
cv-corpus-26.0-2026-06-12,PILOT-0122,98fcc64ce0300b625fa88b29f1f9156a892c4a01aa3be3b5c2c1e380d0722c10,269dac7c30bdc1dcf2afec4d42c8a317b8ac0f724184d5d97be4e02823998190,pilot_development_only,natural_random,*.gov.za,0,0,8,112,34,42,pilot_v1_natural150_coverage50
cv-corpus-26.0-2026-06-12,PILOT-0123,9a738a087880cde52b5f06f1b5b76c56b1301c02acbe8286fca489515f2aa418,d3b2964a4f3c8cd60f61786f8f50a726de7eee7a900e19dfd94673efe4881e7d,pilot_development_only,natural_random,*.gov.za,0,0,11,116,177,42,pilot_v1_natural150_coverage50
cv-corpus-26.0-2026-06-12,PILOT-0124,9c325bc5cbb4b287848db460af35f539705031b102454ed1be833402be133041,ceae9c7ae6730ced8405b670440eff4f4eada116d268d8df239bca7b9e2c8a91,pilot_development_only,natural_random,*.gov.za,0,0,12,176,180,42,pilot_v1_natural150_coverage50
cv-corpus-26.0-2026-06-12,PILOT-0125,9c4176dcdf3769ce6e52c0d32a4a9721371aa594a1daa6ffa7a826194c9d85fb,b63d072a150360d9c92db4b5b2dd1b493cbd5f7aedda4546094cd90001188379,pilot_development_only,natural_random,*.gov.za,0,0,12,139,135,42,pilot_v1_natural150_coverage50
cv-corpus-26.0-2026-06-12,PILOT-0126,9f7ea564dd3f75c0171481e2537d557756211e679f0d7eba7918c33f75628144,a71fe19e1160c30de7437cce32373592b6db1df41bb619cad697c27ec54503eb,pilot_development_only,natural_random,*.gov.za,0,0,13,173,124,42,pilot_v1_natural150_coverage50
cv-corpus-26.0-2026-06-12,PILOT-0127,9fa20036204ade0e93ef4f6ded2ca425194e280602797087f885cd8d7f7fcff3,65d946d3267643501a7118e859b6ac13f979ae2a83682a779884619385e6ba3d,pilot_development_only,natural_random,*.gov.za,0,0,10,129,85,42,pilot_v1_natural150_coverage50
cv-corpus-26.0-2026-06-12,PILOT-0128,9fcd24b44ca1cc533a052f1e98c4c7dbfd44b47e2b5ed72c43867f294cf337b6,86c162212c85624fa59dbaab2f161ef2e8e9f588873d3161d220644705be8930,pilot_development_only,coverage_short,Peace Corps Puo Ea Sechaba,0,0,2,1,87,42,pilot_v1_natural150_coverage50
cv-corpus-26.0-2026-06-12,PILOT-0129,a04d8397d6d0ff2e22465abe5bfd848f6057fc4a87fc3d7b400c0d0fa4c24b0e,f7cd5aff6befd90005bcc5f21574d2ab1f53734d417d196048fb6e6be293e3bc,pilot_development_only,natural_random,*.gov.za,0,0,13,118,98,42,pilot_v1_natural150_coverage50
cv-corpus-26.0-2026-06-12,PILOT-0130,a15d4bdc9148c4db4013e0bfc96e92e19b494e94408558a94ef494394f19f608,7d134e0dc786cc7082b11d656c9a8c04ff5f33c4b9a66f1a43a7b86ba0e38474,pilot_development_only,natural_random,Sentences attained from African WordNet.,0,0,13,41,80,42,pilot_v1_natural150_coverage50
cv-corpus-26.0-2026-06-12,PILOT-0131,a176aa65373e3259d470eb4d484aca489c44d02f43715d003cf91e26ceac5163,6e669a836f551579a41758ea7592f9768378dd10779063060cac08c88dd65839,pilot_development_only,natural_random,Peace Corps Puo Ea Sechaba,0,0,2,182,83,42,pilot_v1_natural150_coverage50
cv-corpus-26.0-2026-06-12,PILOT-0132,a1d0c435b7ef9fb3af24e2a2665b30f802c13fa1832f392d28f63c6dbdca644a,2c5913d5f8bfc2f458ce9c6b27636cc930abb76e18371923f6e463dc20efd6b2,pilot_development_only,natural_random,*.gov.za,0,0,11,191,118,42,pilot_v1_natural150_coverage50
cv-corpus-26.0-2026-06-12,PILOT-0133,a29422e804eb215c3e6dfd465dca2ae5f447fbccde99c89a1e525b90cbe906c9,498fdc12909a280fc36c0b5714e7d05c61d73a67435f430d6a98ae7f532e65a4,pilot_development_only,natural_random,*.gov.za,1,0,9,88,1,42,pilot_v1_natural150_coverage50
cv-corpus-26.0-2026-06-12,PILOT-0134,a3014bc0375c6103c64dfe1a00ef3f1a17a742d17069ab847b3c8d5692104582,ff5f539b90e29d6b597ba18099e5a3d4c70be79c68094a81cb0ce5aef2ae8b4c,pilot_development_only,coverage_downvoted,*.gov.za,1,1,7,155,199,42,pilot_v1_natural150_coverage50
cv-corpus-26.0-2026-06-12,PILOT-0135,a50bd25f380aea748d2a37fddc051983d3d1be752d5bbe1a9072917fb32d490b,e5e1a4f4b6817b3a77cb9e7d1756f7969c6a68d0d478cfb0924bd48ac551d640,pilot_development_only,natural_random,*.gov.za,0,0,12,54,138,42,pilot_v1_natural150_coverage50
cv-corpus-26.0-2026-06-12,PILOT-0136,a5dcb493f3cc030e8550a4ab7e43750f9d9ec0ff2130f4ddf5c660a98c321b05,1586a3652ad263dd25b3093ed4cd36a24408e3965ef49bdff799637f75510b3d,pilot_development_only,natural_random,*.gov.za,0,0,13,140,170,42,pilot_v1_natural150_coverage50
cv-corpus-26.0-2026-06-12,PILOT-0137,a6c2536d7b6d9db2bb15b3a29fd90395ad005e31443911789aafbd98ddd595a2,bd5b2b4739e0103de2d3ff450fcf48b2a1e28ab966f14e3a4c31085d5488bb2d,pilot_development_only,natural_random,*.gov.za,0,0,11,102,183,42,pilot_v1_natural150_coverage50
cv-corpus-26.0-2026-06-12,PILOT-0138,a7fc1127d10b2c509c9f191c124fd6087f6b2410435d497ae7ec90767dce03c3,4e8949d01898dbe35af327fd9044ff80971a86b2156ad0aa59aaeabcf99982a4,pilot_development_only,natural_random,*.gov.za,0,0,10,99,97,42,pilot_v1_natural150_coverage50
cv-corpus-26.0-2026-06-12,PILOT-0139,aa3f709784779cee8187b91247f0a18346cd550156ebbc37a1e0a66c6df2ea9d,cb1d4e6d47870611e5c51ee199b7c7cd12941c212ef63fa46acad4c48e56e791,pilot_development_only,natural_random,*.gov.za,0,0,10,86,126,42,pilot_v1_natural150_coverage50
cv-corpus-26.0-2026-06-12,PILOT-0140,ab09def7249135458f168a1375d4a3205376cd2dd1c2c9a17f15da83b58e53cb,25df15848ec607621f22ccd52ab38a7b2d6f1732280425380d797b3c25888e56,pilot_development_only,natural_random,*.gov.za,1,0,8,147,5,42,pilot_v1_natural150_coverage50
cv-corpus-26.0-2026-06-12,PILOT-0141,abf264507ac01c28b7876ec1200200280544a70d477f1165243d9801db4351e6,d74cfd8e3e0aa444f33f334a97c20aeda0e576a4960ec99da8c5015ff5ad4684,pilot_development_only,coverage_downvoted,*.gov.za,0,1,8,81,59,42,pilot_v1_natural150_coverage50
cv-corpus-26.0-2026-06-12,PILOT-0142,aceae4fb44d1cefb4a393c0c60e9ab6d54849eba16ad3f2d19d572d7fce9b758,b182497ea0cb0ad4ec5b794b834e1d2710d4822f274bc48ca2a033e0e8ce6163,pilot_development_only,natural_random,*.gov.za,0,0,11,183,192,42,pilot_v1_natural150_coverage50
cv-corpus-26.0-2026-06-12,PILOT-0143,aec3e264a3230fbf24882f7a77ef3131d506e0738f690036068dd7bb5971b116,7f58d65de0687575d48335a0192f1c0c8237724e69f21eee10ade1b0122232e1,pilot_development_only,natural_random,*.gov.za,0,0,13,115,143,42,pilot_v1_natural150_coverage50
cv-corpus-26.0-2026-06-12,PILOT-0144,b29ccac03e7e1c91ca13c7af768e87f45dcab4fc708bc2f6d218075b94cb4f15,b52ce4d085ac052e4be54db51551a25456f1af3639c6fcefaf50abf3a3aa9ebc,pilot_development_only,natural_random,*.gov.za,0,0,11,87,130,42,pilot_v1_natural150_coverage50
cv-corpus-26.0-2026-06-12,PILOT-0145,b52ba550c8069d522b52ec4ea1f62739d4717387739646cabfd714a0b00daa09,c37b3b69cef4e2458d9e2d4bd2a96eb117c4fb241290262ba52cb79fba57d8b5,pilot_development_only,natural_random,*.gov.za,1,0,7,200,140,42,pilot_v1_natural150_coverage50
cv-corpus-26.0-2026-06-12,PILOT-0146,b5e8242ce1f7119a9cb812edbe938629b7b1c96e906c13875008783f4d70f967,297caba392c60c07c4d99eecd138fa2453c0437f728709799c7a0c614076e9b9,pilot_development_only,natural_random,*.gov.za,0,0,12,97,44,42,pilot_v1_natural150_coverage50
cv-corpus-26.0-2026-06-12,PILOT-0147,b69e06644c22917623bbe56b2e41e4cd5d01ddc7944228347757ea702b5ad4ac,95c890a9b7f0ea1ec3baf51ee1a728bae256d652b7b8c7d7a3d2b842912c7452,pilot_development_only,natural_random,*.gov.za,1,0,9,194,11,42,pilot_v1_natural150_coverage50
cv-corpus-26.0-2026-06-12,PILOT-0148,b6f30ee4fee9fc0efc4c89f1fb4ec2c05a07c8738f86965c727f69eb598550c2,a4c2575aad63621e50c5de8e6a75c8984808d561b2213dc5f80c14f0ba9f3588,pilot_development_only,natural_random,*.gov.za,0,0,9,2,66,42,pilot_v1_natural150_coverage50
cv-corpus-26.0-2026-06-12,PILOT-0149,b8d77c649f8fd8cd34c085299978793983f0ee7d5ef78b0aafe09f8351ef748d,6fdaade27374a9e6d6285954caec2aa54312760f7a6da3aa4110f90fe660b4a6,pilot_development_only,natural_random,*.gov.za,1,0,8,52,160,42,pilot_v1_natural150_coverage50
cv-corpus-26.0-2026-06-12,PILOT-0150,b99ef106261cb3abc72083cd2793a078ae3db25b32e545e45f908cb8d5ea902c,a7aca75724ff8ecbc5f697f7147261250ce83439e0b4d3986da673f9744def8d,pilot_development_only,natural_random,*.gov.za,0,0,14,6,38,42,pilot_v1_natural150_coverage50
cv-corpus-26.0-2026-06-12,PILOT-0151,ba90bc29d6b53492f32e5f438075e13e8a4475c8a1db3780f09e8c92400d7ea6,8925ab0dbf5cd49a51dff40c74a6e7171ac3448bd9fc7e6c7dc41a1486797bc4,pilot_development_only,natural_random,*.gov.za,0,0,13,144,164,42,pilot_v1_natural150_coverage50
cv-corpus-26.0-2026-06-12,PILOT-0152,bb8a5a83c231dc3b16875917d5f460036eb2d3921988b5a0e54cfe27090e972b,129670b3d0122528602be41ffbb4f09859a0504fa34fe328b7cb3be143b9b7b6,pilot_development_only,natural_random,*.gov.za,0,0,11,50,63,42,pilot_v1_natural150_coverage50
cv-corpus-26.0-2026-06-12,PILOT-0153,bbec8f7900a49dd26aa28724ec74eb9b199d914a337d1f0616833dc2ada160f1,b5e2a56fcb8b35e1fc017fb110ffa80c743e648abdbdecd2cfd3dd6f39f0134a,pilot_development_only,coverage_short,Peace Corps Puo Ea Sechaba,0,0,2,72,102,42,pilot_v1_natural150_coverage50
cv-corpus-26.0-2026-06-12,PILOT-0154,bdf13af180f3fac22b2a5b8b9217ab0257c199e6dec98692e74bdeb78eba6e33,39a88b560ed38d902184c3d78a507f3ec57a581ab31b9c43ce26c3555c5d970f,pilot_development_only,coverage_short,Peace Corps Puo Ea Sechaba,0,0,2,149,22,42,pilot_v1_natural150_coverage50
cv-corpus-26.0-2026-06-12,PILOT-0155,c0c62266fd940fe9d91472c2401721bb23a489cd9ef3260fe7f7854db478184c,acd8e4ebb7bd728e09ccdc7757410547fdba1fe150b1d6af61889d1919cd9d8f,pilot_development_only,natural_random,*.gov.za,0,0,12,92,40,42,pilot_v1_natural150_coverage50
cv-corpus-26.0-2026-06-12,PILOT-0156,c20f2b24ad339cdd1de9e9b2f7061dca1e7d3e1786d865f7ab1d2a79082cb182,80ad4daf5df70b42c4ebb03b607ec2a7956acde9f9eef3d53acbc43f4100cdef,pilot_development_only,coverage_downvoted,*.gov.za,0,1,9,131,101,42,pilot_v1_natural150_coverage50
cv-corpus-26.0-2026-06-12,PILOT-0157,c87bddab0ec2c29e46ea01aa71e6997e75028c49e22ab3b2952fb9ccc09f2fe5,1b110db459754a4279d4270ed1cec0bdf36b7b0346813a052bd67ba993786f1b,pilot_development_only,natural_random,*.gov.za,1,0,11,134,21,42,pilot_v1_natural150_coverage50
cv-corpus-26.0-2026-06-12,PILOT-0158,c88e0ccf5bb9ec9195d0682f2b8a13634ed5f6e2af9dbe88a25aa4c3d1998da3,abf095cccdbe8c142a22a14eb6d16837d3b80c433f61af9aa9de5ce6db3f4fc5,pilot_development_only,coverage_non_gov_source,Peace Corps Puo Ea Sechaba,0,0,3,45,50,42,pilot_v1_natural150_coverage50
cv-corpus-26.0-2026-06-12,PILOT-0159,c9730a1fb326f24782f7f92d66005437a9154914da8c1455c1fa99bf2cb17902,c89797ddb64ef169c22653dea48df844ab7ae7e4dc76d5c1cb3bf992aa57a5d3,pilot_development_only,coverage_non_gov_source,Peace Corps Puo Ea Sechaba,0,0,5,193,187,42,pilot_v1_natural150_coverage50
cv-corpus-26.0-2026-06-12,PILOT-0160,c9abc911cd03b47e4d098573023f22c8a073a8f407391e2fe9e8308c229ace7f,391952e45819f674dc1d6737126d9b6bce5b65fbcf994a26210aae19b696eb96,pilot_development_only,natural_random,*.gov.za,0,0,13,113,106,42,pilot_v1_natural150_coverage50
cv-corpus-26.0-2026-06-12,PILOT-0161,cba5b957b1297df329676ea6906de8af205a10fbcd4e3732b551363e35b72740,b91b19267f19bd39aa0ce4934ba62307c9fb9520388bc3d523617d874cb7f6f6,pilot_development_only,natural_random,*.gov.za,0,0,11,73,7,42,pilot_v1_natural150_coverage50
cv-corpus-26.0-2026-06-12,PILOT-0162,cceade6ff56cb2e7d444f1669118a19cf16940173085846ff5f7110e2955cbd7,52965c056dc63d2beb642bb26e99a4bf9bbc47b42b38fd78119824474f509398,pilot_development_only,coverage_downvoted,*.gov.za,0,1,11,119,161,42,pilot_v1_natural150_coverage50
cv-corpus-26.0-2026-06-12,PILOT-0163,ce9361245aea66708cc5d10eb139e7081069d314802b10da1b6ed8cdcb3880c7,785d63fa40fa37a00a416bd515591cb65bdf3709ee2d4ac39fde46f93a98c3ac,pilot_development_only,natural_random,*.gov.za,0,0,11,157,109,42,pilot_v1_natural150_coverage50
cv-corpus-26.0-2026-06-12,PILOT-0164,cf9fe35e46c15b9d25f33a12500dd19dc923153bb47403f1f4b2adc2822c59b5,f0ce7050e621c01857007c10c56d5473bdc059702de2303f8bbaea3fdced1f68,pilot_development_only,natural_random,*.gov.za,1,0,7,163,4,42,pilot_v1_natural150_coverage50
cv-corpus-26.0-2026-06-12,PILOT-0165,d56475f7aecb9da220b5453b0ff94176e811887c8dd85bce41b3c57b1e326d98,126dc64448469f866a024cd05ad497c47643913e1fffb98f6520fe19d549f9bf,pilot_development_only,natural_random,Peace Corps Puo Ea Sechaba,0,0,2,136,74,42,pilot_v1_natural150_coverage50
cv-corpus-26.0-2026-06-12,PILOT-0166,d6b6266065313fb47a308e79beb90b30e7569a94a24f83bf1ca0804db76eb703,180355cdb7c5706e62ef8fa292153b8fabdbdc9e1c12174be821c32e73befefe,pilot_development_only,natural_random,*.gov.za,0,0,11,17,28,42,pilot_v1_natural150_coverage50
cv-corpus-26.0-2026-06-12,PILOT-0167,d704375908c343ab77fa9921c2e70f987992d7f6c76d6c10e07d7a06122ce696,4d5f2ef454dcb6219e1c28914be2c4bd634d579fe88f24795d9294534d18e39f,pilot_development_only,natural_random,*.gov.za,0,0,14,189,82,42,pilot_v1_natural150_coverage50
cv-corpus-26.0-2026-06-12,PILOT-0168,d76e455daa5079b1e3f029d82822712b6dedd60389067915ef769a0b765169ab,a00dae744e94e083cbb20c048a93f01e03c91fe02d31e248dac61ddb85254e62,pilot_development_only,natural_random,*.gov.za,0,0,11,70,26,42,pilot_v1_natural150_coverage50
cv-corpus-26.0-2026-06-12,PILOT-0169,d84dacdc9311f966a37d8988b1942c0cf7b67eaa13a620c244f05c5c8e014c34,bae83b83c9ebbfb8c687ae8162e1d124d2f46aaee3b740d837ec87eec8231ff3,pilot_development_only,coverage_downvoted,*.gov.za,0,1,7,63,120,42,pilot_v1_natural150_coverage50
cv-corpus-26.0-2026-06-12,PILOT-0170,d9028b405768c4637a8871102d28d25e952df96fd5a734957dcd36ad6ee47747,a117bc99b9bbf94833c6825ee11f8b02c17786bf10e7c34881c563ccb218307d,pilot_development_only,natural_random,*.gov.za,0,0,7,3,25,42,pilot_v1_natural150_coverage50
cv-corpus-26.0-2026-06-12,PILOT-0171,d97d9fa7ea571b120c5bbe3201f05bbccd71380ab778dc25baf09fa6b4ab027c,57d97b06ceda9a60e8b3db0009f849314b4800133d190fdc3d47f1f3c08b3695,pilot_development_only,natural_random,*.gov.za,0,0,14,145,146,42,pilot_v1_natural150_coverage50
cv-corpus-26.0-2026-06-12,PILOT-0172,db9bd52ee87fa2d8d0892be008019345bdf21f0a96c7c91cf639bbdbe7820be4,7007d5395603c5477025f0b459bfc75fecf477f396d94868dae0ac737a99ff64,pilot_development_only,natural_random,*.gov.za,1,0,10,128,157,42,pilot_v1_natural150_coverage50
cv-corpus-26.0-2026-06-12,PILOT-0173,dc594bac3aa009e801766eaa87a1b2108aa9a9ed0676cea8725cca444a5e7047,a99d53d22ea7a1294857f93954485e79474e7296114837553e7d7446d53180e7,pilot_development_only,natural_random,*.gov.za,1,0,11,22,31,42,pilot_v1_natural150_coverage50
cv-corpus-26.0-2026-06-12,PILOT-0174,dd311ddf5c7b88e116ae962f3c7af7c0340e531af92d76504e6752523634dc64,bb29778f8430c21d4a24ec639c31dee889fecd67f90493915e58d0033f7d0ee9,pilot_development_only,natural_random,*.gov.za,0,0,10,154,113,42,pilot_v1_natural150_coverage50
cv-corpus-26.0-2026-06-12,PILOT-0175,de58f0e3b5e132559f05cef532b790043903f2993f10a5c42f008179c4aecaa6,c6b227b3d179062286bbcedc15a9dd051ec0a20067946bf3706eeabc386366d1,pilot_development_only,natural_random,*.gov.za,0,0,14,68,94,42,pilot_v1_natural150_coverage50
cv-corpus-26.0-2026-06-12,PILOT-0176,df8a309e40108cfa73c7a2f2271262dd735ac03a4089eb70a132c25305d64cc5,4161a18633bb603a0d654ed532371e41e0472b46b6d9d3ed6130eaa05aad0622,pilot_development_only,coverage_non_gov_source,Sentences attained from African WordNet.,0,0,9,53,88,42,pilot_v1_natural150_coverage50
cv-corpus-26.0-2026-06-12,PILOT-0177,e497c75088d1e0202697fad0dceaedbc93de4fae4ae96463c0e169c41f5b370f,86a09e82e04c030d6645372339c2a9b80af5bbaad39d2950e9743fe044c3549b,pilot_development_only,coverage_short,Peace Corps Puo Ea Sechaba,0,0,2,186,129,42,pilot_v1_natural150_coverage50
cv-corpus-26.0-2026-06-12,PILOT-0178,e8ca59e4ee26b8299bb0c01ca24c8e78b2f278d1ab28345520a83155678f2aa2,9fd9c5bc4a3141f129e00004bc1a18671c72e72034b869df05b6caf228bef5e9,pilot_development_only,natural_random,*.gov.za,0,0,10,123,188,42,pilot_v1_natural150_coverage50
cv-corpus-26.0-2026-06-12,PILOT-0179,e97f3cdba99f58aca5ccb4574c6c61e8220b3d33f368e8ca6c7604d16d894a96,dbb55d96d6261a74a4aacfe43c9569d1d07eb8e0bac7ca5f38ddd47dd04aa01d,pilot_development_only,natural_random,*.gov.za,0,0,14,126,178,42,pilot_v1_natural150_coverage50
cv-corpus-26.0-2026-06-12,PILOT-0180,ea1add99620923b4525a0ba9384f319e3a188e3f8314182eabaa7d3f3b7edc2c,71a9d423bd50d0f4175dda5f945bc6a2cdcc9fb9cb024f5c97711bce6583bd7c,pilot_development_only,coverage_short,Peace Corps Puo Ea Sechaba,0,0,2,133,155,42,pilot_v1_natural150_coverage50
cv-corpus-26.0-2026-06-12,PILOT-0181,ea5e28beaf87163c1c5ece1eab6832d71c4382076521eb5fb2e1972f26664c47,1c6e4023192013c342a0a3da86add0fc32a458038cb4311ca27030fcad1a9a41,pilot_development_only,natural_random,*.gov.za,1,0,8,43,47,42,pilot_v1_natural150_coverage50
cv-corpus-26.0-2026-06-12,PILOT-0182,ec4cf425fd7128d244c0735b71447995a5812eb1c8906c529b19474b5b575f8a,6e3747b2003d0512d146314dd4412f0a0a551faf1b429ec2d529e862855c7ab3,pilot_development_only,natural_random,*.gov.za,1,0,9,76,134,42,pilot_v1_natural150_coverage50
cv-corpus-26.0-2026-06-12,PILOT-0183,ec5a4373c8e47598dcf7d8b59fbf7643b8555c7ea75cc4b4f2c903d91771298e,eceee8c46311482608381344d57cc130a9b2e6d9a6f2b61b034f18a855edb933,pilot_development_only,natural_random,Peace Corps Puo Ea Sechaba,0,0,2,38,100,42,pilot_v1_natural150_coverage50
cv-corpus-26.0-2026-06-12,PILOT-0184,ed4faf8205c9354fcac23c8a045d78c1976c1719ed946b5892f49a8bb4799594,6c80940fad5e83808b563f7c758eab5ec9c250e73248eb70b34cf459da517b97,pilot_development_only,natural_random,*.gov.za,1,0,8,77,148,42,pilot_v1_natural150_coverage50
cv-corpus-26.0-2026-06-12,PILOT-0185,eefdad369c753bb41a9dccc28ded235c1aebf9b350656ee29ef9b7907f7a752f,c4a875c87220dae6082ac05a520750694edb062f6962d4992e617ce55704d793,pilot_development_only,natural_random,*.gov.za,0,0,10,184,132,42,pilot_v1_natural150_coverage50
cv-corpus-26.0-2026-06-12,PILOT-0186,f04d6ac01bf61706efad83d6b7a83bb0e3769ec1237dd6e852801e7b6e991424,785d39678a0c2b6f298c6ece0616d3781b10616c4888c8141479874680d4b5e6,pilot_development_only,natural_random,*.gov.za,1,0,12,37,61,42,pilot_v1_natural150_coverage50
cv-corpus-26.0-2026-06-12,PILOT-0187,f22d2df1aa63663850548f90efed3bf6d4c8e411c4411cdc6065428d52666662,07bb6f9227ebc9e3f3aa042f876a5f8e3e884c9a5719f7fb2b112744b67894f5,pilot_development_only,coverage_downvoted,*.gov.za,1,1,6,46,37,42,pilot_v1_natural150_coverage50
cv-corpus-26.0-2026-06-12,PILOT-0188,f264e8ace1eaa95b709099e9d5b18a4264ca9456a795e864ab4c04791be13821,0ebb8f6e5cc9c846ce816dc13d25748b28cfb4631573b33fdfe3c4b40c8a8c7e,pilot_development_only,natural_random,*.gov.za,0,0,12,158,53,42,pilot_v1_natural150_coverage50
cv-corpus-26.0-2026-06-12,PILOT-0189,f3ae2e8524f737b0fd5b44553e8eb4bcb8ad311732a6ca6e6fdad2e679a9ca50,a0bef077148f219a4969ac9b3ca40c7caeb1d77985c81213ff199259c5970062,pilot_development_only,natural_random,*.gov.za,0,0,7,35,46,42,pilot_v1_natural150_coverage50
cv-corpus-26.0-2026-06-12,PILOT-0190,f3d3860982e716ea544b5a5434593e086c2771d249ba9db784113f45f0e05704,611d619ddbeab108bb41b7dfa9251274652cf03ffab73c84aeadcb7087d24812,pilot_development_only,natural_random,*.gov.za,0,0,11,56,91,42,pilot_v1_natural150_coverage50
cv-corpus-26.0-2026-06-12,PILOT-0191,f70f4c36f65c2f34f09404f50e48d28afabf2924259fe350c6eff7d2fdf7acdc,b06c1c5f5d85ed807c47aa34ec8056626cd7eee6a49d3aad045d1ff7a2d16a12,pilot_development_only,natural_random,*.gov.za,0,0,12,74,24,42,pilot_v1_natural150_coverage50
cv-corpus-26.0-2026-06-12,PILOT-0192,f72101491790d74a69bfb26feabf78c2bf103a6099818ebb5301824b77998750,f69dec227f413ec53bbb53f54d4f2829be2012c392f850da5888deaaf2c72974,pilot_development_only,natural_random,*.gov.za,0,0,10,82,194,42,pilot_v1_natural150_coverage50
cv-corpus-26.0-2026-06-12,PILOT-0193,f893c82964eed0026cf97f7b2ddb1790fd08bda68bb1a665abddf753c98c1c9f,45b6ed40a1d7c52aee59fbb4a652bfbde08a8d66a2cdec2eb6bd55ecf5f0f0f1,pilot_development_only,natural_random,*.gov.za,1,0,10,13,195,42,pilot_v1_natural150_coverage50
cv-corpus-26.0-2026-06-12,PILOT-0194,fa71784f29c755971685c5551e892f530e9a697f2136e7b398d3b4c78fbe5972,b95340c6c037c22a165f470ed36b02f6235698b7ba9f0ec015badd2f432181ff,pilot_development_only,natural_random,*.gov.za,0,0,9,93,45,42,pilot_v1_natural150_coverage50
cv-corpus-26.0-2026-06-12,PILOT-0195,fac672e41940f5605f427b111527361128b47f47b99e01f5d8a0c09652c0c555,f760f1e1907c5d18ceb6df534cdf42963e295664028c84df6afb67cf1a8817a0,pilot_development_only,natural_random,Sentences attained from African WordNet.,0,0,10,32,174,42,pilot_v1_natural150_coverage50
cv-corpus-26.0-2026-06-12,PILOT-0196,fbd500d3e7ffcb62af8a829f064ba975b7de79335e5f2e4e21a3ddab63f3d6e5,9495a5400f75686754eb2f18245a008cd7ec2bc7a1e10e4f672a7147caadeeae,pilot_development_only,natural_random,*.gov.za,0,0,11,30,196,42,pilot_v1_natural150_coverage50
cv-corpus-26.0-2026-06-12,PILOT-0197,fc837cc5873ddabcff35ce4a1df8aee280cb25fba89b025345e2eb5029ca424a,6a6bbd015bf06473a160805671d61fbf503a7277482ac56bbd08194316e2a142,pilot_development_only,coverage_short,Peace Corps Puo Ea Sechaba,0,0,1,178,167,42,pilot_v1_natural150_coverage50
cv-corpus-26.0-2026-06-12,PILOT-0198,fd5f359cc62cff1ee8a7a47c34a0a31628c706688c90722fb43becef18d785d0,1131ba1f18b1d2d28df4542e6746bc2dfe806883605a4651b6b587098a15f128,pilot_development_only,natural_random,*.gov.za,0,0,13,167,142,42,pilot_v1_natural150_coverage50
cv-corpus-26.0-2026-06-12,PILOT-0199,fd998897511f0703be5c82a768d9bf3f8887a3343b3240db5ae6585c58b12b8d,959e3534dd1e075fbe05cc5682de165edd8a786044c20607e790eb83c29a435c,pilot_development_only,natural_random,*.gov.za,0,0,13,26,189,42,pilot_v1_natural150_coverage50
cv-corpus-26.0-2026-06-12,PILOT-0200,fee66bd2500beffa8573b1089863048cc885bc9271a3c1c710cae34971c49830,3ec0e79e2908e60ba680472e284b6e8a560cf4ee7bd7084684221b6df7f50a71,pilot_development_only,natural_random,*.gov.za,0,0,13,137,190,42,pilot_v1_natural150_coverage50
